Id;Nome;Endereço;Telefone;Email;CPF;Data de Nascimento
000;Enrico Rodrigues;"Loteamento Martins
Novo Tupi
73792-857 Nunes de Porto / PI";(071) 3734-8395;heloisa68@example.net;190.548.376-75;1962-12-09
001;Sra. Isabel Cardoso;"Viela Pinto, 8
Nova Granada
42990-383 Cardoso / MT";11 4358 5093;limajoao-lucas@example.org;216.093.587-59;1985-10-13
002;Valentina Ramos;"Viela de Gonçalves
Nova Esperança
46702889 Monteiro de Sales / MS";+55 (031) 4062 1705;nathancastro@example.net;451.376.892-46;1996-12-30
003;Nicolas Cavalcanti;"Quadra Rezende, 81
Vila Independencia 3ª Seção
03407-412 Aragão dos Dourados / CE";(011) 9032 6920;ana-luizateixeira@example.com;057.284.193-05;1964-02-03
004;Carlos Eduardo Teixeira;"Distrito de Lopes, 20
Novo Santa Cecilia
33021-932 Novaes da Praia / PE";(084) 2626 0264;fcavalcanti@example.com;035.481.267-07;1949-08-29
005;Emanuel Ribeiro;"Favela Monteiro, 5
Coqueiros
88821-399 das Neves / MG";(084) 8150-4122;klima@example.net;271.398.605-21;1955-12-04
006;Dra. Clara Alves;"Chácara de Oliveira
Madri
24483-827 Costa das Flores / SE";(051) 0542-6201;mfarias@example.org;249.635.817-28;1945-02-19
007;Juan Santos;"Feira Novaes, 415
Bacurau
77366-746 Ferreira / SC";+55 (031) 1692-4175;oliveirapedro@example.com;428.305.169-15;1956-10-04
008;Maysa Nascimento;"Chácara de Vieira, 51
Antonio Ribeiro De Abreu 1ª Seção
04673063 Oliveira / RS";+55 (061) 6941-7765;matheus99@example.com;581.730.624-71;1993-12-07
009;Pedro Lucas Pinto;"Aeroporto de Campos, 4
Nossa Senhora Aparecida
80721-703 Silva Grande / MG";(051) 2820-5903;sabrinaazevedo@example.net;534.072.869-29;1968-02-27
0010;Felipe Duarte;"Conjunto Davi Lucas Pinto, 6
Bela Vitoria
00750411 Lima / AM";71 1729 7919;ramoseloah@example.org;702.981.563-77;1943-08-01
0011;Amanda Peixoto;"Via da Rocha, 92
Conjunto Jatoba
30675-465 da Luz / AM";41 9050-9321;enzo-gabriel12@example.org;395.417.208-97;1984-02-24
0012;Fernando Freitas;"Rua Raul Aragão, 19
Vila Puc
10831-737 Cardoso / AM";+55 41 4418 8286;oliveiradaniel@example.com;086.934.521-42;1980-11-21
0013;Laís Lopes;"Viela de Lopes
São José
55960202 Cunha / AM";0300-335-5522;aalmeida@example.net;035.891.647-00;1997-02-06
0014;Lorenzo Monteiro;"Distrito Daniel Lima, 98
São João
93558-596 Sales da Prata / SP";(031) 7588-2245;piresbenjamin@example.com;412.639.875-91;1989-08-15
0015;Thomas Rezende;"Chácara de Silva, 52
Pilar
05946-459 Rezende / PI";(031) 8178 3303;da-luzandre@example.com;439.781.260-87;2006-01-24
0016;Isadora Sales;"Lago Isis Gomes, 89
Marçola
65089191 Oliveira do Amparo / AM";(021) 4919-4969;ybarbosa@example.com;182.463.507-90;1960-02-10
0017;Helena da Rosa;"Condomínio Luigi Pires, 6
Santana Do Cafezal
47031-560 Moraes do Campo / MG";(051) 1917-9158;wnogueira@example.com;167.809.235-59;1956-08-04
0018;Mariana Farias;"Via Daniela Dias, 41
Bairro Das Indústrias Ii
32781-516 Moreira / AC";(031) 0896 2069;lucca96@example.com;756.849.203-65;1951-08-21
0019;Laura Fogaça;"Distrito Alves, 652
Vila Do Pombal
02439815 Farias Verde / MA";+55 51 9019 8785;felipedias@example.org;482.796.531-55;1999-08-26
0020;Giovanna da Rocha;"Estrada Erick Alves, 576
Solar Do Barreiro
57176115 Santos / AM";0900 431 9967;enzoduarte@example.com;672.815.493-00;1947-12-07
0021;Sra. Isabella Monteiro;"Rua Ana Moreira, 823
Vila Cemig
21527343 Lima de Goiás / PA";(021) 1968-9228;bda-cruz@example.org;496.187.205-94;1978-10-07
0022;Ana Freitas;"Esplanada de Santos
Itapoa
94726-920 Moreira / MT";(061) 7983 1720;carvalhorenan@example.net;326.594.781-55;2004-07-09
0023;Pedro Lucas da Cruz;"Avenida Fernandes, 367
Vila Bandeirantes
51354-634 Moreira de Rodrigues / AP";+55 71 6393-9732;rodrigo80@example.org;456.189.720-85;1947-04-15
0024;Davi Lucca Jesus;"Recanto Nathan da Costa, 40
Grotinha
69481-738 Nunes da Praia / AL";0800 306 8971;moraespedro@example.org;581.740.329-32;1967-07-06
0025;Emanuel Nascimento;"Distrito Emanuelly Ramos, 11
Boa Viagem
95725757 Alves / PE";(081) 3962 9820;maria-julia45@example.net;612.798.354-19;1973-12-28
0026;Elisa Cunha;"Residencial Yago das Neves, 7
Providencia
98831397 Moraes / RJ";+55 (061) 3701 5748;camposana-carolina@example.com;435.702.619-99;1993-12-10
0027;Fernanda Porto;"Lagoa de Nunes, 22
Graça
00083-001 Mendes / PE";(041) 0447-6053;kevinmonteiro@example.net;364.798.015-39;1953-08-10
0028;Sra. Ana Julia da Mota;"Travessa de Gonçalves
São Damião
63462-309 Ferreira do Amparo / RJ";+55 61 3709 1164;natalia83@example.org;179.456.203-61;1944-11-02
0029;Melissa Gomes;"Colônia Olivia Pereira, 9
Cônego Pinheiro 2ª Seção
53538769 Silveira da Prata / AM";+55 31 9595 7678;vitor-hugoazevedo@example.net;125.493.067-16;1999-03-07
0030;Larissa Almeida;"Vereda Eduarda Rezende, 7
Cardoso
48345-872 Moura / SE";(061) 0778 5037;da-rochamarcos-vinicius@example.net;908.623.157-86;1959-05-12
0031;Pietra da Rosa;"Favela Fernanda Martins, 2
Mangabeiras
38034-298 Nogueira de Goiás / MT";+55 (021) 8100-2496;joao-pedroduarte@example.org;905.741.836-39;1988-10-17
0032;Raul Rocha;"Estação Noah Monteiro
Comiteco
05554-191 da Conceição do Oeste / ES";11 4895-1151;ida-costa@example.com;458.326.790-83;1993-04-30
0033;Maria Sophia da Rosa;"Trecho Catarina Nogueira
Vitoria
49547-412 Pereira / TO";81 3555 2626;luanafarias@example.org;096.815.237-68;2005-10-01
0034;Dra. Lorena Moreira;"Viela Araújo, 3
Vila Da Luz
67995-181 Viana de Jesus / PE";+55 (051) 0827-9139;ana-carolinarocha@example.org;374.569.028-10;1943-12-08
0035;Milena Jesus;"Sítio de da Cunha, 51
Vila Coqueiral
26619379 Mendes do Norte / AM";(061) 1733-8309;rebecateixeira@example.com;604.213.975-43;1990-11-23
0036;Davi Lucas Dias;"Avenida de Rodrigues, 27
Pousada Santo Antonio
04935375 Silveira / SE";71 9589 9876;marianegoncalves@example.com;640.728.135-08;1939-08-10
0037;Olivia Pereira;"Aeroporto de Ribeiro, 5
Vila Da Amizade
04269344 Alves / SC";(011) 6568 8233;joaocampos@example.org;176.420.839-04;2006-03-29
0038;Agatha da Luz;"Parque Emanuelly Cardoso, 36
Bacurau
40233-714 Martins / RJ";+55 21 1387 8695;thalesribeiro@example.org;186.749.025-02;1944-09-14
0039;Luiz Fernando Cardoso;"Rodovia Marcela Pires, 32
Indaiá
46776-527 Carvalho / TO";+55 (031) 4659-6500;gabrielafogaca@example.net;423.570.916-06;1978-08-15
0040;Maria Cecília Silva;"Praça Maria Costa, 35
Esperança
21538436 da Rocha de Correia / RR";61 3866 6576;juanmendes@example.net;890.543.267-00;1977-10-21
0041;Amanda Novaes;"Rodovia de Vieira, 6
Copacabana
36668695 Moreira / PE";81 6312-7633;carolinada-costa@example.net;456.839.172-55;1942-09-23
0042;Juan Moreira;"Passarela Elisa Melo, 400
Universitário
47290199 Farias / CE";+55 (021) 8568-1943;evelyndas-neves@example.net;683.297.051-02;1979-09-20
0043;Antônio da Mota;"Recanto Cauã Araújo
Vila Trinta E Um De Março
71855-078 Farias da Serra / AM";+55 (061) 7822 8799;kda-luz@example.org;645.832.970-92;1944-08-01
0044;Emilly Cardoso;"Praça Calebe Gomes
Acaba Mundo
83836-703 Cavalcanti do Oeste / RJ";(081) 8164-2113;oliveiraotavio@example.com;359.701.468-20;1959-05-09
0045;Breno Lopes;"Residencial das Neves, 4
Conjunto Bonsucesso
45793897 Silveira / PB";+55 21 4720 8815;kamilly93@example.org;195.680.274-67;1942-09-15
0046;Alana Sales;"Travessa de Moraes, 46
Nova Pampulha
67613-805 Campos do Amparo / AP";(081) 0328 5277;da-rosabernardo@example.com;062.874.951-11;1996-04-12
0047;Dr. Leandro Viana;"Passarela Silva, 55
Savassi
46789-171 Costela / SE";+55 81 7726-9573;gda-paz@example.com;546.710.283-44;1970-01-28
0048;Dra. Natália Martins;"Rodovia de Azevedo, 57
Santa Inês
53312-644 da Paz de Minas / RR";(011) 3822-4612;maria-luizacardoso@example.org;408.276.519-02;1939-03-30
0049;Srta. Milena Moura;"Lagoa Peixoto, 132
Pompéia
74240231 Costela da Serra / AP";+55 71 2958 4467;da-luzgabrielly@example.net;012.784.935-14;1998-05-13
0050;Davi Fernandes;"Viaduto de Farias, 30
Guarani
95888544 Freitas / MT";+55 31 5301-5484;emanuellyda-paz@example.org;265.410.398-60;1985-11-09
0051;Raquel Lima;"Viaduto Maria Pereira
São Bernardo
21608-378 Ribeiro / SE";+55 31 9870 9131;nfreitas@example.org;470.938.152-60;1977-07-23
0052;Enrico Novaes;"Parque da Paz, 9
Ernesto Nascimento
01377-714 Peixoto / GO";(071) 9237-5412;brunoda-paz@example.net;239.674.508-56;1938-11-07
0053;Alícia da Cunha;"Favela Melissa da Conceição, 87
Mala E Cuia
75825-385 Caldeira / AP";+55 71 0105 0338;thiagofarias@example.org;437.190.586-20;1984-04-28
0054;Rafael Costela;"Conjunto de Novaes
Vila São Gabriel
81220-581 Teixeira das Flores / MT";(081) 9486 9890;lorenzo53@example.net;352.798.641-37;1979-12-26
0055;Maria Eduarda Oliveira;"Vale Anthony Oliveira
Floresta
70025-268 da Mata / AL";0900 019 1737;claraalmeida@example.net;634.129.078-04;1966-11-15
0056;Fernando Pereira;"Colônia Rodrigo Castro, 2
Califórnia
00710050 da Conceição do Amparo / PE";81 7713-1742;bcorreia@example.org;270.438.195-04;2000-09-25
0057;Yasmin Aragão;"Residencial Oliveira, 43
Gameleira
30790889 Castro / MS";+55 (081) 6519-8038;knovaes@example.com;579.206.834-83;1999-02-24
0058;Pedro Pinto;"Ladeira de Silva, 925
Betânia
67372-646 Cardoso Paulista / SE";(041) 9144-6323;leonardo77@example.org;913.684.702-03;1939-02-25
0059;Alexia Sales;"Pátio de Moreira, 54
Conjunto Minas Caixa
71880698 Novaes do Amparo / AC";+55 21 8832 8465;krezende@example.com;283.641.570-35;1976-06-02
0060;Murilo Moraes;"Quadra João Vitor Araújo
Vila Paraíso
98853-239 Silveira do Norte / PB";+55 (051) 9507 7382;camposguilherme@example.org;307.956.248-83;2005-03-14
0061;Clara da Mota;"Setor Heitor Cardoso, 58
Jardim Leblon
61228314 da Rocha / RR";+55 31 3492-9238;pfreitas@example.org;478.520.196-76;1989-06-17
0062;Agatha Gonçalves;"Campo Theo Martins, 9
Vila Nova Dos Milionarios
38563-464 Carvalho / PI";31 1470-4656;da-rosaandre@example.net;218.735.094-05;1983-12-27
0063;Laís Aragão;"Travessa da Mota
União
53846-130 da Luz / CE";0300-789-6786;kmartins@example.net;718.254.930-14;1978-12-04
0064;Enrico Gomes;"Quadra Ribeiro, 11
Das Industrias I
80150-167 Vieira / PI";+55 (071) 3035-5791;sdias@example.org;015.428.697-49;1940-07-30
0065;Pedro Henrique Porto;"Lagoa de da Cunha, 475
São Paulo
54416497 Martins / AP";71 4744 6744;yasmin71@example.net;831.907.645-57;1944-11-18
0066;Joaquim Rezende;"Área de Oliveira, 69
Bela Vitoria
70660401 Freitas de Minas / AL";+55 (041) 3025-3422;caio22@example.org;167.953.420-34;1962-12-27
0067;Bernardo Lopes;"Lago de Gonçalves, 6
Atila De Paiva
24501-857 da Luz de Moreira / AC";+55 81 1856-2071;fernanda53@example.net;430.857.169-39;1971-12-25
0068;Lucca da Conceição;"Rua Beatriz da Cunha
São Gonçalo
02747719 Lima da Praia / CE";+55 (084) 0098 6276;maiteda-cunha@example.com;817.520.394-32;2000-05-29
0069;Ana Vitória da Cruz;"Pátio Gomes, 810
Tiradentes
02048-267 da Mata das Pedras / MT";(011) 1196 9510;stella73@example.org;384.605.721-53;1987-11-22
0070;Mirella Freitas;"Feira de Caldeira, 56
Cachoeirinha
47684-360 Peixoto / MA";(081) 8243-0305;alvesnatalia@example.com;912.456.870-85;1954-10-01
0071;Dra. Maria Luiza Gonçalves;"Loteamento Carvalho, 21
Garças
10451-533 Gonçalves / MS";+55 51 6380 1573;nbarbosa@example.net;619.043.875-00;1987-12-08
0072;Bryan Barros;"Favela de Costela
Nazare
48596032 Azevedo de da Cruz / PR";+55 51 4400 0930;silveiraalexandre@example.org;897.164.230-04;1992-12-03
0073;Arthur Farias;"Sítio Ribeiro, 150
São João Batista
95290-877 da Conceição do Amparo / MS";(071) 3340-1320;ana-carolinacostela@example.com;239.841.067-69;1933-09-07
0074;Davi Luiz Mendes;"Praia Souza, 528
Custodinha
21084633 Alves de Ferreira / TO";+55 (081) 1768 7522;luiz-henrique70@example.org;679.250.384-38;1987-11-07
0075;Valentina Rocha;"Lago Gabrielly da Cruz
Cidade Jardim Taquaril
59219-937 Peixoto / AL";(031) 1597-2183;aliceduarte@example.com;564.271.098-20;1979-11-20
0076;Maysa Cardoso;"Feira de Rocha, 91
São Jorge 2ª Seção
52582-179 Martins / MS";(031) 0977 5804;joao-gabriel39@example.org;785.306.291-59;1972-05-30
0077;Lucca Pinto;"Trecho Mirella Caldeira, 32
Leonina
77708333 da Luz / RS";31 2407-5704;giovanna21@example.org;306.892.745-56;2002-04-03
0078;Dr. Luigi Rodrigues;"Viaduto Castro, 9
Comiteco
26868-845 Dias da Praia / MS";41 7748 1352;xteixeira@example.net;581.947.320-50;1984-03-22
0079;Alice Jesus;"Praça Paulo Cunha, 59
Andiroba
04303-239 da Luz / PI";21 4368 5765;da-pazryan@example.net;530.482.976-00;1967-03-17
0080;Luiz Miguel Silveira;"Trevo de Viana, 8
Alto Vera Cruz
15459397 da Rosa / RJ";11 4600 6101;eduarda04@example.com;896.027.154-30;1956-11-08
0081;Maria Sophia Costela;"Jardim da Rocha, 82
Vila Cloris
04828051 Caldeira / GO";+55 61 7288-4009;gabrielly70@example.org;589.721.463-82;1976-05-26
0082;Ana Gomes;"Setor de Gomes
Pilar
99206573 Fernandes das Flores / MG";+55 (071) 9902-0426;barrosbrenda@example.net;305.216.984-05;1942-09-23
0083;Dra. Maitê Farias;"Sítio de da Cruz, 18
Santa Terezinha
94962-092 da Paz de Correia / SC";+55 (084) 2363 9013;enzomartins@example.com;045.619.728-11;1947-12-13
0084;Emanuel Nogueira;"Ladeira Noah da Conceição, 13
Garças
62970714 Costela das Flores / GO";+55 (031) 4558 6136;duarteeduardo@example.net;279.045.861-85;1981-05-06
0085;Fernanda Vieira;"Recanto de Nunes, 3
Calafate
17357064 Costa / AP";+55 11 3894-7428;barrosvicente@example.com;612.759.438-37;2001-09-05
0086;Sra. Agatha Martins;"Parque Santos
Garças
33918165 Nunes Alegre / PA";+55 (081) 8833-7900;monteirolarissa@example.com;165.723.840-71;2005-03-13
0087;Mariana da Rocha;"Passarela da Cruz, 480
Pindorama
09829-017 Silva / AM";+55 51 8597 2764;yda-rocha@example.com;485.203.791-41;1980-07-04
0088;Ana Julia da Mota;"Campo Caldeira, 1
Santa Isabel
13590827 Rodrigues da Serra / DF";11 0205-7698;davi67@example.net;146.920.738-96;2003-04-26
0089;Bruno Rezende;"Feira Oliveira, 817
Nossa Senhora Da Conceição
94557-593 Nascimento das Pedras / SC";81 2186 8812;carlos-eduardo90@example.org;862.913.407-04;1938-03-28
0090;Sra. Carolina Lopes;"Morro Renan Novaes, 70
Diamante
27183836 Alves de Rodrigues / TO";0300 661 3428;correiaisabel@example.com;063.548.729-29;1996-04-24
0091;Diogo Barbosa;"Ladeira Caldeira, 14
Santa Isabel
44921558 da Cruz da Praia / SC";61 6244-5450;brenda68@example.org;128.759.406-94;1941-07-04
0092;Breno Campos;"Recanto de Santos, 1
Braúnas
35328999 das Neves / RJ";(011) 0930-8641;castrolavinia@example.net;375.802.914-79;1938-01-21
0093;Alexia Freitas;"Vereda da Cunha, 72
Lagoinha Leblon
16732544 Alves / GO";+55 21 1975-5830;ana-luiza33@example.org;192.730.586-12;1955-10-15
0094;Dra. Eduarda Rezende;"Avenida Mariane Caldeira, 5
São Bernardo
80583556 Jesus / RR";81 0823 4083;ana-luiza99@example.com;942.537.180-60;1957-05-23
0095;Helena Barbosa;"Avenida Bruna Pinto, 78
Taquaril
65932-929 Nunes / RO";+55 (031) 3697 3535;jesusjulia@example.org;182.367.405-44;2003-08-14
0096;André das Neves;"Residencial Cavalcanti, 10
Marieta 1ª Seção
06872306 Teixeira do Amparo / CE";0900-504-7593;isaac15@example.org;937.150.862-03;1935-11-25
0097;Maria Fernanda Moura;"Passarela Aragão, 28
Santa Rosa
76202920 Farias / RO";0900 575 3119;jjesus@example.net;951.627.048-49;1963-04-10
0098;Emanuelly Melo;"Vereda de da Paz, 110
Vila Sumaré
94528-683 Martins de Barros / DF";11 4302-0449;martinsdaniela@example.com;367.459.820-56;1935-06-12
0099;Dr. Levi Gomes;"Favela João Pedro das Neves, 5
Solimoes
17620080 Araújo / TO";11 2310-2832;emoreira@example.net;176.543.890-00;1974-06-30
00100;Dr. Paulo Correia;"Vereda de Almeida, 2
Liberdade
02651-549 Monteiro / AC";81 7506 9813;jesusdavi@example.org;081.526.374-08;1960-09-19
00101;Nathan Novaes;"Pátio Melissa Rezende, 67
Novo Aarão Reis
82776193 Almeida da Praia / ES";(081) 7180-6339;freitasgabriel@example.com;871.053.629-95;1968-12-04
00102;Henrique Pinto;"Via Oliveira, 20
Confisco
31748834 Lima de da Cunha / TO";(061) 2180 9497;rvieira@example.org;802.346.957-65;1955-02-02
00103;Sr. Cauê Campos;"Trecho Martins
Cônego Pinheiro 2ª Seção
85269-926 Santos / TO";(031) 4065 6393;nathansantos@example.com;471.380.265-44;1968-02-16
00104;Pedro Miguel Fernandes;"Largo Cardoso, 91
Maria Tereza
20282160 Almeida Verde / RJ";41 4361-2994;hmonteiro@example.org;742.518.690-01;1959-03-01
00105;Cauê da Rosa;"Morro Almeida, 89
Vila Aeroporto Jaraguá
11545-817 Santos / MS";+55 (084) 9044 3967;maria-sophiagomes@example.org;542.319.780-50;1947-10-22
00106;Augusto da Paz;"Favela de da Luz, 2
Bacurau
47440513 Cavalcanti das Pedras / BA";+55 (061) 7171-2025;souzaluiz-henrique@example.com;654.297.801-11;1955-12-28
00107;Thiago Nunes;"Distrito Sophia Caldeira, 668
Vila São Rafael
73927-336 Cardoso das Pedras / RN";11 2415 5474;moraesana-carolina@example.org;372.168.540-71;1979-07-30
00108;Catarina Pereira;"Quadra Cavalcanti, 64
Vila Copacabana
02216-900 Porto / PI";(021) 1828 2268;ana-laura13@example.com;051.934.267-43;1941-03-10
00109;Bruno Mendes;"Favela de Moura, 73
Santa Maria
56216-279 Dias / MS";0500-040-3953;iannovaes@example.org;730.582.961-77;1943-10-12
00110;Srta. Maria Cecília Aragão;"Vereda Sophia Cardoso, 44
Jardim América
27604576 Peixoto de Moreira / PR";+55 (081) 5423 1590;maria-clara19@example.net;643.207.985-38;1980-07-12
00111;Larissa Jesus;"Trecho Moura, 22
Tupi A
09433228 Souza / RR";0500-400-1038;carvalhoalana@example.com;105.786.932-59;1968-05-24
00112;Júlia Almeida;"Lagoa Vieira, 61
Fazendinha
22373-663 Carvalho dos Dourados / AM";(081) 4348 8329;gomesmiguel@example.org;791.320.584-97;1968-08-12
00113;Isis Moraes;"Vila Mendes, 7
Santa Tereza
13617-325 Fogaça da Prata / PA";0500 322 1947;zcosta@example.net;295.746.081-58;1979-06-06
00114;Sr. André Moreira;"Largo de Lopes, 6
Vila Independencia 3ª Seção
36419-214 Costela / PR";0500 681 4987;lmendes@example.org;750.843.912-05;1999-07-13
00115;Olivia da Conceição;"Rua Breno Azevedo, 75
Canadá
76909012 Fogaça / ES";+55 (051) 7982 8646;gustavomonteiro@example.com;970.158.342-60;1980-05-11
00116;Augusto Pinto;"Praia Paulo Melo, 10
Oeste
55917542 Rocha / AM";+55 (071) 7857-8296;da-conceicaoeduarda@example.net;041.273.985-23;1959-01-03
00117;Srta. Juliana Pereira;"Trevo Emilly Fogaça, 2
Delta
90968411 Melo / PA";+55 (071) 5253-5324;ogomes@example.net;497.368.520-83;1995-04-11
00118;João Lucas Ribeiro;"Largo Miguel da Paz, 98
Solar Do Barreiro
64146844 da Rocha das Flores / PI";0500-410-4401;heloisa06@example.org;504.981.326-33;1947-12-03
00119;Ana Sophia da Cruz;"Favela Rafael da Paz, 46
São Salvador
12830054 Alves / RR";+55 51 1292 3055;andre35@example.com;574.360.921-70;1966-05-17
00120;Davi da Cruz;"Condomínio de Martins
Vila Nova Paraíso
08039-127 Silva / AC";31 7792-1600;eduardo70@example.org;920.564.817-58;1951-10-17
00121;Júlia Teixeira;"Favela Pinto, 178
Grota
67416518 Viana / RR";(051) 3495 6520;joao02@example.com;973.468.210-50;2000-06-19
00122;Letícia Ramos;"Viela Maria Cecília Almeida, 8
São João Batista
30233-865 Barros / AM";+55 (081) 0774 2015;stephany14@example.net;125.689.407-94;1980-11-07
00123;Vitor Gabriel Gonçalves;"Conjunto Beatriz Fogaça
Ribeiro De Abreu
45626169 Araújo / TO";41 5652 5123;joao-miguelazevedo@example.com;245.936.180-70;1963-07-17
00124;Fernando Santos;"Jardim Almeida
Dom Silverio
30036-448 da Conceição de Minas / MT";31 2970 7301;gomesryan@example.com;859.142.367-46;1938-05-28
00125;Juliana Cardoso;"Estrada de Farias, 26
Vila Maloca
82693371 Gonçalves / RJ";+55 (061) 9608 3277;hrocha@example.org;420.397.651-07;1941-11-18
00126;Otávio Cardoso;"Praça Fernando Ramos, 71
Olaria
94490-186 Costa / MT";41 9366-2350;da-rosadiogo@example.org;493.582.017-97;1975-07-09
00127;Isadora Moraes;"Viaduto Cardoso, 68
Vila Antena Montanhês
39748-256 Costa / CE";+55 (061) 4468-3811;qazevedo@example.net;703.416.859-84;1936-04-29
00128;Luiza Moraes;"Estação de da Cunha, 6
Nova Floresta
42838-082 Cardoso de Barbosa / RS";(041) 1523 5722;maysaporto@example.org;769.405.281-30;1989-03-07
00129;Pedro Henrique Carvalho;"Recanto de da Rosa, 270
Vila Madre Gertrudes 2ª Seção
90790383 Viana / MS";0800-232-2011;yazevedo@example.net;795.623.014-43;1983-02-23
00130;Alice Pires;"Lago Gustavo Henrique Melo, 19
Padre Eustáquio
34385546 Sales de da Paz / BA";(011) 3631-6101;gferreira@example.com;073.842.196-04;2004-05-11
00131;Anthony Novaes;"Ladeira Cunha
Santa Helena
81899-813 Pires / ES";+55 81 4188 0965;yoliveira@example.com;024.918.673-03;2002-02-12
00132;Júlia Carvalho;"Estrada Gustavo Moura, 2
Silveira
11379994 Souza de Costa / MS";+55 (081) 6604 4636;brenoda-rosa@example.org;459.172.806-49;1955-11-05
00133;Kamilly Duarte;"Núcleo Sales
Fernão Dias
42798-730 Dias de Silva / AL";71 5214-0513;novaesalana@example.com;570.268.931-30;1947-12-11
00134;Caroline Azevedo;"Núcleo Pinto, 97
Estoril
92579356 Lima / MA";+55 11 9395 7630;joao58@example.net;428.076.931-13;1959-05-09
00135;Renan Ribeiro;"Favela da Mata, 65
Vila Inestan
78520258 Barbosa de Porto / MG";71 0977-3766;da-costanathan@example.org;023.471.568-53;1933-09-10
00136;Sr. João Lucas Barbosa;"Favela Guilherme Costa, 89
União
76730-225 Araújo do Norte / MT";0800 345 0381;da-rochavalentina@example.org;427.698.105-02;1958-09-15
00137;Bárbara Costa;"Praia Nogueira, 6
Vila Esplanada
45775485 Aragão / MT";+55 84 1480 6328;psouza@example.org;708.462.591-76;1974-09-19
00138;Bruno Souza;"Estrada Alves, 9
Conjunto Taquaril
47427119 Barros / PB";+55 41 5764-8571;benjamin43@example.net;670.134.982-03;1986-04-24
00139;Camila Pereira;"Parque de Cardoso, 69
Barroca
28046314 da Cunha / RR";61 8674 8021;lavinialima@example.org;716.598.432-19;1942-06-26
00140;André Peixoto;"Lagoa de Correia, 86
Boa Viagem
56651-341 Pires dos Dourados / CE";51 6651 0433;sophie50@example.org;615.738.904-48;1968-06-13
00141;Sophia Rodrigues;"Praia João Gabriel Castro, 28
Novo Santa Cecilia
38745-089 Moraes do Galho / MT";(061) 9663 6432;murilomartins@example.org;869.214.703-69;1992-06-09
00142;Gabrielly Farias;"Rodovia de Silveira, 36
Olhos D'água
09216685 da Cruz das Pedras / SC";+55 11 0295 8084;esther55@example.org;975.614.083-66;1982-10-26
00143;Enzo Jesus;"Vale Almeida, 2
Vila Esplanada
56881-059 da Cruz / SE";(011) 4887 8195;ferreiraluiz-gustavo@example.net;348.706.951-20;1996-06-07
00144;João Guilherme Moraes;"Área das Neves, 4
Bom Jesus
59650167 Costa / BA";21 9436 7153;marcos-viniciuspinto@example.com;935.218.476-91;1937-12-29
00145;Davi Luiz Costa;"Estação de Correia, 7
Nova Esperança
76400300 Ribeiro do Galho / PR";+55 21 7570-0425;alana72@example.org;657.039.182-86;1977-02-10
00146;Yuri Costela;"Chácara de Ribeiro, 56
Maria Virgínia
34992322 Viana do Oeste / PE";+55 71 1944 7095;salespietro@example.com;195.746.283-37;1946-11-05
00147;Ana Laura Souza;"Chácara Isabel Rodrigues, 617
Vila Pinho
81998773 Martins de da Conceição / PA";+55 (061) 6311 3161;augusto36@example.org;091.243.687-50;1970-03-15
00148;Stella Castro;"Parque de Cavalcanti, 35
Vale Do Jatoba
28253767 Aragão / TO";+55 (041) 7388-3119;ana-carolina55@example.org;509.314.286-70;1949-01-02
00149;Natália Fogaça;"Viaduto Caio Ribeiro, 72
Vila Esplanada
08072-027 Fogaça / TO";+55 61 5406 1568;yaragao@example.net;136.297.850-77;1998-04-21
00150;Marina Carvalho;"Rua de Nascimento, 80
Conjunto Jardim Filadélfia
30921-136 Aragão Verde / AC";84 3828-2801;lucas-gabriel48@example.org;613.982.507-59;1949-12-19
00151;Benício da Mota;"Chácara Danilo Dias, 50
Aeroporto
99741-564 da Costa / RO";(061) 9179-4068;gustavo19@example.com;975.864.302-92;1993-11-01
00152;Luiz Gustavo Santos;"Jardim de Pinto, 609
Jardim Dos Comerciarios
24517055 Farias do Galho / RJ";21 4307-6964;rsilveira@example.org;078.293.561-30;1974-01-08
00153;Luiz Felipe Castro;"Trevo Oliveira
São Salvador
14764299 da Mata / RR";(081) 7901-2029;xcampos@example.com;703.598.462-38;2005-01-29
00154;Davi Novaes;"Praia de Pereira, 124
São Damião
44840-974 da Mota Paulista / GO";61 5979 4005;yasmin62@example.org;623.408.195-98;1952-07-22
00155;Benjamin Rezende;"Morro de Barbosa
Atila De Paiva
30540957 Almeida / RS";+55 41 2937 6290;vitor-gabriel95@example.com;309.514.876-39;2006-02-11
00156;Larissa da Luz;"Campo Ana Júlia Santos, 463
Vila Oeste
44803-976 Araújo de Vieira / BA";21 8878-5357;mirellacorreia@example.net;946.052.381-15;1955-11-18
00157;Bruna Costa;"Viaduto Ryan Ribeiro, 699
Conjunto Califórnia I
98367913 Pires / GO";(084) 3119 1379;vitor-hugoda-cruz@example.org;546.378.910-00;2001-10-17
00158;Vitor Hugo Castro;"Praia Santos, 13
Santa Isabel
19396803 Moraes da Praia / DF";(051) 6988-7159;ana-sophialopes@example.net;302.986.715-30;1937-09-18
00159;Levi Araújo;"Viaduto Gonçalves, 638
Dom Joaquim
74312-103 Costa de Duarte / ES";+55 (071) 6961-1821;felipebarros@example.net;649.210.358-06;1939-04-13
00160;Maria Luiza Barbosa;"Lago de Cardoso
Xodo-Marize
59353-667 da Paz das Pedras / BA";71 2292-7106;sabrina63@example.org;506.387.129-12;2005-08-11
00161;Erick Souza;"Conjunto de da Rocha, 67
Santa Cecilia
62806-138 da Mata de Minas / PR";+55 31 2424 2515;rezendedavi-lucas@example.com;975.863.014-84;1980-07-09
00162;Luiz Gustavo Carvalho;"Parque Maria Vitória Martins, 2
Piratininga
72212-194 Pires de da Rosa / SC";+55 (011) 4909 4655;cardosomaria-eduarda@example.org;187.325.064-90;1993-05-07
00163;Vitor Hugo Melo;"Sítio Agatha Silva, 27
São João Batista
87615-599 da Mota do Sul / SE";(021) 8555 5618;rafaelacarvalho@example.com;285.091.637-40;1995-09-09
00164;Vitor Correia;"Condomínio Miguel Duarte, 22
Vila Calafate
43445718 Nunes / TO";61 6418-1934;rcardoso@example.org;324.675.819-00;1937-10-22
00165;Dr. Davi Lucca Rodrigues;"Estação Moraes
Savassi
44313-532 Silva / DF";0900-522-6593;stephanyfarias@example.com;641.273.958-00;1964-06-26
00166;Ana Julia da Luz;"Vereda de Melo, 97
Boa Viagem
59323-216 Martins Alegre / CE";+55 (011) 9143 2228;ffreitas@example.net;257.034.968-29;1990-07-21
00167;Dr. Henrique Azevedo;"Viela Nathan Viana
Santa Amelia
86458659 Farias do Amparo / BA";(031) 9587 4711;marcela47@example.org;597.861.320-68;1976-06-19
00168;Luigi Souza;"Rodovia de Araújo, 93
Aarão Reis
74039184 Jesus Alegre / AL";0500 711 3667;xnovaes@example.net;853.712.094-41;1960-10-18
00169;Bernardo da Mota;"Avenida Bryan Castro, 47
Vila Suzana Primeira Seção
79352-842 das Neves / BA";31 4691 2653;da-cruzeduarda@example.net;850.734.126-80;1941-04-26
00170;Bárbara Pereira;"Viela Fogaça, 261
Vila Nova Gameleira 2ª Seção
09970-588 Ribeiro da Serra / SE";0800 057 0478;da-rosamatheus@example.org;108.235.697-21;2006-05-24
00171;Alexia da Mota;"Loteamento de Pereira, 87
Conjunto Jatoba
97050-618 Santos / PE";+55 (071) 0438-2523;lorenamoura@example.org;579.023.861-03;1942-09-07
00172;Carlos Eduardo Nascimento;"Fazenda Emanuella Porto, 11
Inconfidência
57759267 da Mota do Campo / AL";(031) 6837-1623;enzonovaes@example.com;279.165.403-80;1982-03-27
00173;Theo Silva;"Travessa de Pinto, 491
Santo Agostinho
55793-571 Mendes / MT";84 3932 0034;luiz-felipe12@example.org;923.760.418-13;1999-05-10
00174;Dra. Alícia Alves;"Residencial Costa, 1
Tirol
93093751 Castro / RR";31 9049-0629;cardosoryan@example.org;743.905.861-57;1945-12-15
00175;Davi Jesus;"Chácara Mendes, 2
Vila Santo Antônio Barroquinha
48597-930 Barbosa do Amparo / SP";+55 (061) 1592 2557;gabriela58@example.org;941.638.507-75;1944-12-10
00176;Milena Melo;"Aeroporto da Rocha, 53
Santa Tereza
17383-294 Mendes / PB";(071) 3638 2896;fernandomonteiro@example.com;972.630.451-25;2004-08-23
00177;Lucas Gabriel da Rosa;"Viaduto de Martins, 27
Salgado Filho
11175095 Lima / RS";0800 162 0760;augusto98@example.com;531.964.027-70;1934-08-10
00178;Antônio Ferreira;"Aeroporto de das Neves, 11
Jaqueline
82670-350 Nunes da Prata / RO";+55 (011) 8122-7153;mvieira@example.com;659.430.821-15;1985-12-23
00179;Stella Barbosa;"Alameda de Mendes, 823
Vila Ecológica
26210587 Moreira / AC";0300-250-2885;joao-gabriel94@example.org;293.471.605-80;2001-06-08
00180;Marcelo Cunha;"Distrito Miguel Melo, 942
Maria Goretti
58540-377 da Paz / GO";0800 514 8665;alana13@example.net;257.891.406-02;1934-01-26
00181;Ana Beatriz da Mota;"Recanto de Moura, 80
Palmares
05734870 Correia / RO";21 2099 3001;ofreitas@example.net;053.427.196-07;1943-01-27
00182;Raul Silva;"Viaduto da Rocha, 433
Vila Santo Antônio
83202151 Cardoso da Prata / RO";+55 (041) 9131 9777;zda-paz@example.net;718.024.356-62;1969-05-25
00183;Maria Julia Costela;"Rua Viana, 11
Outro
44048235 Martins / PB";0300-866-5441;monteirojoao-vitor@example.com;215.476.093-70;1976-06-24
00184;Emanuella Pinto;"Lagoa Isabella Campos, 4
Baleia
29565277 Costa / MT";(061) 5417 2505;heitor14@example.com;539.074.182-04;1946-11-29
00185;Dr. Rodrigo Silva;"Favela da Paz, 483
Bela Vitoria
34527-067 Moura / DF";+55 (081) 9108-5102;mariapereira@example.com;392.076.485-47;1981-11-27
00186;Paulo Barbosa;"Distrito de Duarte, 263
Barreiro
45434435 Carvalho / PI";+55 84 5094 5085;freitasclara@example.net;187.530.462-26;1989-10-29
00187;Nicole Fogaça;"Fazenda Nunes, 4
Vila Piratininga
32361413 da Costa do Amparo / TO";(011) 3861 9858;eloahcardoso@example.net;146.857.032-35;1962-07-22
00188;Sra. Luiza da Rosa;"Condomínio de Dias, 61
Alípio De Melo
23935124 Souza de Fogaça / ES";(031) 7199 0545;marcelocavalcanti@example.com;629.537.401-80;1982-07-02
00189;Luiz Felipe Lopes;"Chácara Pedro Barbosa, 7
Guarani
70150441 Nogueira / ES";+55 (084) 4715 1570;mourakevin@example.net;180.325.764-44;1992-05-15
00190;Elisa Almeida;"Viela de Monteiro, 759
Santa Helena
90916-446 Freitas / MT";0800 791 6951;rafaelnunes@example.net;930.617.825-59;1970-12-10
00191;Sophia Nascimento;"Sítio Luiz Otávio Silva
Pindorama
75492-296 Farias do Campo / MS";71 0122-1782;nda-mota@example.org;712.350.689-86;1972-02-13
00192;Sr. Lucas Rezende;"Viaduto Lopes, 303
Colégio Batista
00805-541 Farias / RN";+55 61 2210-4827;maria-sophiada-mota@example.net;620.485.739-83;2000-08-22
00193;Erick Ribeiro;"Condomínio Lara Cavalcanti, 88
Suzana
99899-718 Silveira / RN";+55 (084) 7471-9838;ljesus@example.com;457.098.123-23;1959-11-22
00194;Eduarda Cunha;"Esplanada de Moraes, 23
Maravilha
95894-747 Gomes / MG";0900 045 2410;das-nevesbenjamin@example.org;703.418.625-17;1985-05-12
00195;Juliana Carvalho;"Área Yago da Conceição, 543
Betânia
68496014 Aragão / AC";+55 21 2912 7798;juliada-rosa@example.com;962.153.047-43;1960-07-09
00196;Luiza Barbosa;"Fazenda Luiz Henrique Sales, 818
Vila Do Pombal
33753090 Castro / SE";+55 41 9358 4557;ribeiromanuela@example.com;278.563.914-64;1987-12-28
00197;Dra. Yasmin Fogaça;"Rua de Aragão, 909
Itapoa
05941-199 da Paz do Amparo / TO";+55 41 8747 7664;qrodrigues@example.net;523.617.098-21;1948-01-19
00198;Dra. Julia da Mota;"Sítio Maria Cecília Gonçalves, 26
Conjunto Santa Maria
32424-976 Dias de Fernandes / MA";(011) 3116 9570;enzo00@example.com;673.059.284-29;1982-09-15
00199;Maria Julia Freitas;"Colônia Nina Novaes, 89
São Luiz
07314-685 Aragão / MT";(021) 7379-6554;kamillyrodrigues@example.org;293.086.574-10;1946-01-12
